name,votes,lga,bio,number,photo
Ijagla Stephen,132,Madagali,"Rooted in culture, glowing in beauty.",01,/assets/images/001.jpg
Elizabeth Joseph,1,Gerei,"Culture is my crown, Adamawa is my home.",02,/assets/images/002.jpg
Judith Olivier,15,Yola North,"Representing the capital with elegance & pride.",03,/assets/images/003.jpg
Pwambudeino Joseph,163,Fufore,"From FUFORE to the world this is our own story.",04,/assets/images/004.jpg
Precious Usman,9,Lamurde,"Representing LAMURDE with confidence and grace.",05,/assets/images/005.jpg
Lwassam Bango,175,Demsa,"Simply me, simply royal.",06,/assets/images/006.jpg
Unice Robinson,45,Ganye,"A queen with a vision.",07,/assets/images/007.jpg
Mary Philemon,1,Michika,"Bold enough to ask for what her LGA deserves.",08,/assets/images/008.jpg
Jessica Adiel,65,Song,"Conference in my best makeup.",09,/assets/images/009.jpg
Hyellamada Jessica Benard,56,Hong,"Dream big shine brighter.",10,/assets/images/010.jpg
Afure Zaphenath,1,Mayo Belwa,"Here to inspire, not just to pose.",11,/assets/images/011.jpg
Jessica James,1,Tongo,"Not just beautiful impactful.",12,/assets/images/012.jpg
Hannatu Luka,13,Numan,"A blend of beauty and brains.",13,/assets/images/013.jpg
Ruth Tanko,24,Mubi North,"Carrying MUBI north to the world.",14,/assets/images/014.jpg
Agatha Aggie,1,Mubi South,"Authentic and creative.",15,/assets/images/015.jpg
Nancy Ibrahim,38,Gombi,"Culture, Beauty, Heritage.",16,/assets/images/016.jpg
Stella James,333,Maiha,"Educated and deeply rooted in culture.",17,/assets/images/017.jpg
Naomi Solomon Hadison,65,Guyuk,"Caring and truthful.",18,/assets/images/018.jpg
Happy Ishaku,1,Shelleng,"Personality.",19,/assets/images/019.jpg
Joy Luka,134,Yola South,"Fearless, authentic, personality and confidence.",20,/assets/images/020.jpg
Blinks M Umar,111,Jada,"Warm smiles and positive energy.",21,/assets/images/021.jpg
